amount,debtorIban
20174.84,MK29 206K EFAB RFAI O83
31607.86,FR37 6908 5103 84T4 4NVX YDS2 Z06
70754.29,FR50 5861 1487 90OJ WPNM JOTU K23
37010.69,IL44 5331 3589 9040 3085 205
15019.17,MD80 W59P 3CNL KADU 6GYQ KSW3
38876.59,DK54 2151 2628 5664 05
97131.43,GR86 8708 0397 XJTP W0GR 2PLP ZL4
9781.82,LU03 506R FF4V YWVB 2IOT
50366.19,LV37 IJIF A4UP KKOC 9BVB U
66566.53,DO03 OKTG 2465 8624 9569 0759 0286
48808.5,VG49 ELET 3975 7672 1983 4767
37406.84,FR63 2052 8118 331B BMQJ KQWX J43
47197.97,IT77 W068 1160 417C NEFZ NR5L EVR
57850.82,BR96 9758 0796 5407 3313 3076 282D H
70923.27,FR74 0345 3438 329K 6KEY 2PZ7 585
75502.14,CH31 2804 2Q5Q HK36 TXR0 U
43602.99,FR58 1908 1267 54XD 4WAQ 3ZZK Y01
22587.44,ME96 3802 4954 8787 0965 20
74336.62,SE72 1810 4038 3671 3823 1235
29424.44,SK16 6713 6360 6177 5182 1869
65657.5,NO56 4430 5914 487
33295.05,PK50 DZHN 9YDU 9UXO BPHZ 0DWR
53210.52,FR57 4753 6410 99N8 DVRX NALV Z12
59901.94,CY22 9798 7238 YXMO UT5I OJHG JP4G
94333.81,ME68 6780 1660 9272 4678 38
34924.18,BR87 7291 4782 5969 0649 9268 888L H
69797.26,MT86 LTZR 6681 8TZ8 X2ZL Y6I1 7JR8 WOJ
48909.11,CY57 8921 7022 RTAW JMM4 AHFP 0FKI
39028.28,AL17 6915 5651 U458 GXEM 4RPE ODLL
60975.56,FR04 7380 9248 1211 CQVJ 6JLJ Z37
21824.92,EE45 5525 5610 2273 6905
31832.58,AE90 3090 7071 0037 7824 603
20972.8,CY85 9034 1508 H6AD KSDS EDFS NMKX
59170.53,AE75 3670 9574 9065 3457 101
41262.21,KW72 IXWI JLVX FNO3 MMIV IOFQ EEGY ZX
38051.91,CZ65 7677 4597 2288 7971 3772
55442.09,GT06 QIC0 GWSU XLJ1 NVZV LYSJ BZME
21652.26,FI97 7758 9298 6149 82
73961.28,FO80 0996 9389 7163 80
6866.53,AD27 3855 7926 SDLB T0RE F8NP
30536.1,KW57 EGLC HN8B YWEX E2F0 PLRP 7TLD PS
65271.78,CH97 6461 8B4L OKUC EIDE O
20447.54,FR12 4100 0697 21OU Z0ZK LNWP F75
68029.96,DK52 1869 2100 9899 84
46692.47,IE39 KWQP 3035 0347 7535 61
65492.73,FR64 3724 9710 27KJ Z3ZV GDYA 913
98974.19,LU15 860G TS8V UKVU QOFP
85597.72,MC59 3997 8681 99GF QBZZ C1AB M68
95579.18,TN44 9171 1304 5940 9040 2112
37026.99,LI50 8953 16IL 2VVP ZKWB Y
87336.45,IL67 3703 1159 6258 9302 998
50359.23,BA69 5910 4360 7301 5608
6517.77,LB22 8085 28D7 9TGC KE83 HTGM ZJUL
24820.91,FI07 2930 7672 1564 81
61349.61,FR18 1046 2527 44Q4 E1KZ XGY7 Z91
86548.98,NO87 3552 2088 823
52698.38,IS31 4825 6256 5264 3002 7957 64
49885.9,AZ40 GXUU U9VZ BD4J 5KVD LWNM HZL7
36401.89,SA44 03B6 2MGX KOPH TBDS 1MGG
33261.75,CZ55 7827 0038 5241 4345 0329
86271.58,PS15 BCVB OWXH 4CSJ S033 BUO9 9VGL 4
18158.1,GR13 7501 372Q JRVA W9MF 4A3X SFF
42602.55,FR27 4121 6109 66MK GEIQ SMH0 Z94
28579.04,FR86 0643 5472 32CH 9QWZ B2ZP E48
72419.62,NO80 1215 3124 138
82499.83,RO08 OCQY GKJ1 ACPY SLSW 5IZP
61787.99,TR62 5468 5SQZ T7HH HPKY B6VT XX
82439.47,FR43 3010 7594 60VJ J3IG N2OG L66
44537.31,MR85 9471 0710 5463 4572 2890 562
85984.6,MC04 2083 2042 62E5 SSKQ YYJU S96
43680.62,PT94 7464 4131 8244 9232 0248 0
20394.7,CR37 2362 8095 6779 0560 4
52355.99,IT30 T819 7690 757A 58NF HIAC XW5
29125.22,VG16 KZUP 3449 4678 3883 6601
77172.17,VG86 VKPG 1906 8070 8973 4603
36418.33,LU72 974C LPSI UUTF FVRF
7631.19,BA47 3860 6003 6857 9293
5170.42,IE41 NHKY 3863 7226 9763 71
35810.04,TN05 0976 7363 5666 5816 4539
6399.6,FR81 7504 2951 79RC 7RPW JCCE W49
51313.35,CR76 0200 0049 5092 2089 1
70451.41,CY75 0549 2839 4VIY VK6G LHFV TG0E
24160.26,SI23 4863 8743 3490 475
97047.52,RO56 HPQT VI0B MEHF LNVO GXCX
60479.18,GT87 LKM5 GMJP E0AB UDMX VTVI GFX2
12185.99,FR57 3474 1330 33XV 4GHN CLIG L95
53815.21,ME95 2239 9994 8378 5575 67
39576.87,FR06 6230 6687 39LP WEDN C6GE E86
94159.06,LV15 FHZL HQPM FP7Q BCV4 N
28411.93,FR45 1454 8085 83H9 C3US FLGO 904
8244.39,BH77 VNHW O1TM U5JH HC1X O8
39980.46,MT41 NMUR 8219 7IYB KXWY 25ZD WUU6 CZA
99272.83,DE66 4156 2580 5298 7109 74
34155.21,IL96 8827 3717 9084 7647 059
6664.62,GE10 LC36 5119 8042 0304 41
10473.45,AT95 6623 3130 4658 0960
34861.01,IT89 Q592 7852 397Z WJVK RKTJ PB5
42368.51,FR34 6412 1592 40MJ V1SK 8UYD N84
16706.77,GI74 SEGH BI78 PXQO FHLK ECU
39532.63,AD87 9664 9683 4EHR 4Z6U AAGK
8528.31,FR18 2113 9373 95LH XAKY C9MC D79
5670.04,GE03 GE39 0695 9055 5357 92
7824.77,MR47 1094 3728 0338 6567 8148 657
26508.18,GR33 4951 0513 DLMR XUIZ XLDD XK1
47916.25,GI98 BTYE XWTV LVRT U47Q M5M
56147.97,GE62 NO92 0742 0590 9750 83
38158.95,FR47 5513 1576 81NE QGNB BOCG Z79
26120.04,FR76 2386 7708 483W LHLE IJEH G64
34663.23,BE66 0789 8977 2037
96111.74,FR28 5450 6418 88R5 O8EJ FUXZ S50
28307.48,GR15 3400 344C QXWZ TY1F K5GW MOB
17467.8,FR77 8495 4986 70HN JGYQ ISUI 084
80967.37,NO38 6441 0991 418
57594.92,FR49 1139 5218 24ZL M01D YYWX D39
23473.24,CH88 1914 0OUV TZXF HJU9 A
29115.23,PT82 3036 3243 0976 3335 6729 7
47322.74,FR90 6724 9982 3741 HK9Q HWHZ G82
24094.02,SK85 8265 0027 0352 1048 6270
23069.69,MU81 NRTX 0050 6560 1736 2465 046F BQ
36780.42,GL77 4506 7514 8248 62
59845.04,BA73 9984 4272 4944 2158
34937.46,AD83 4242 6781 7WJ1 CNIM ULOI
26350.48,GI87 GTVG FOEO 3SEN O4FS NQS
87182.92,BG03 QMTL 7780 440I SFG7 PG
37364.3,GI11 UGUD 1MHV SASV LAGF KGU
92401.02,MK37 8254 PDAV HVDU 806
41037.11,FI77 3526 0931 1595 17
14954.79,IS10 5036 6290 1353 1689 8771 33
31250.23,GB28 XYYU 5573 8717 3978 34
29022.87,TR34 9132 0JJ2 S1R0 MRHD JAWJ BQ
35345.97,SI59 4929 6495 9787 059
5549.47,SA20 17WP NN6I HFKM K4JR ZT3S
65967.51,DK61 6448 7684 2995 30
7418.25,FR38 9072 4097 84AB SFQX D7XK M77
60456.96,MD72 TI6C BPPJ E9FW ME9P A4JD
97546.73,IE31 SYKX 0163 9494 4343 17
72885.02,SE96 0609 9239 3569 7479 6495
34971.7,CY14 8475 5919 74YJ 2CXZ HJKK LVJU
4125.27,FR21 4085 5913 89BE UO7P NNNY X05
86158.27,MD28 BZTL NMRM S1P4 RKHV SC5J
46516.57,DK42 4890 6701 2856 76
47461.4,AD95 6994 9308 OZJV ERKQ 4XO1
54226.75,FR30 5434 5795 20GL MYW1 KUVM V37
27211.97,GB48 KWNV 0948 3547 3866 60
33887.78,GE66 DR73 9238 4034 3651 92
43930.7,AZ77 KGCA 2FNT 3MMD SXCV TCNL NKJA
55179.67,GE41 VV72 7183 7933 0289 82
94334.43,LB70 3066 HULD NBR3 M8EY XUW5 DKNV
2501.56,DO04 DDB8 7243 3399 7845 5194 9025
49652.85,DE77 3738 8741 3209 0759 70
60564.24,BR75 0593 3687 5944 4189 3011 823Z U
88304.62,AE61 3206 2925 7204 2697 464
46811.72,PT20 3809 4316 6368 9880 4674 2
26556.9,GT21 43D0 ONCV V6GD 7RHN 0G6K LPOM
74307.15,BE40 1594 9968 1519
36006.67,LI14 3020 9CZC Q4ZA Y7M0 F
26022.16,KW67 ZCWK V5YE CR31 C4BM YA0A HHOO 3D
48841.84,FR84 8224 6190 297H OMTA RVLZ U06
17779.27,TN39 2954 9036 5041 1106 4340
64682.21,BG70 PRSN 2799 53F1 IFKC KE
14.34,FR48 4216 0957 14B2 LDOE KX7X C90
61228.36,FR28 9804 7268 45NP RWZA JJQK A10
86592.65,PT29 5510 2255 9637 5937 4589 7
83230.99,FI02 5702 8882 4579 41
95531.54,VG52 YEDO 0857 1920 3775 5624
40287.09,SM60 K023 8469 951M DMQK 3WVV ZYY
15606.01,NL36 HOIE 9470 2045 82
94037.01,FR56 9757 4110 13F1 3EUJ K9OS C89
5031.31,SE17 5991 1390 9156 6779 5623
70846.23,BA92 0323 7316 2364 3599
4841.3,MR85 7260 7619 1471 1050 4412 062
10860.72,GT88 NDEX GAI3 9AFU Y5XW NEXD QETA
22583.2,SA52 39SU 7QIY C87F DGOE K6YI
9403.04,IL78 1291 2864 5106 9519 079
14828.19,CY03 4966 7994 NHXT ZVJW CFZU OEXS
37292.79,GL49 0358 4764 7638 53
50082.36,IL14 1242 4028 5300 2873 571
63945.2,SE24 4793 2647 2642 5182 1665
14097.64,TR19 4861 2UV6 MXYU UNWW ZEYX RI
72819.74,LB63 5202 1JAR RWIP VSAY ZE7W PFD9
90199.18,FO73 1352 7539 3273 53
50461.45,LB43 9062 VHSG CJJD TOBG OZGW DES7
18042.44,GT88 0S0X AMVN QPVD NVN3 ELMD I0WV
67647.13,NL17 EPGW 7081 9139 25
1624.32,CR80 2565 6701 7665 5839 0
83396.84,RO68 JVNI VYKN MC7E GJDB WTGV
771.34,IL42 6593 9311 4264 2893 628
92898.51,TR78 8529 8D8M SFUP IPG7 ZA95 JY
53490.85,DO49 KTKL 2962 5260 6180 2413 1083
88425.21,KW05 DNBG 8FZD FMBM BLR5 ZEZN YBZN VR
4137.83,AT41 5354 0252 3114 0929
44454.57,CZ71 9079 1544 0048 6813 0904
59539.87,MD52 OVCF FFOP 7NNI 6TS8 18UE
77410.76,GT13 FN39 B7AL RBLV G3EK CCQE FZVF
86294.83,MU54 ZYXR 1832 6651 5398 2256 576L UX
78659.82,LT27 3471 2293 4765 2415
94926.39,GL66 5823 3856 5075 71
47719.47,IE98 HOBT 2942 1164 3496 16
3098.48,ES79 3268 5909 4841 2096 8720
77427.86,KZ54 153O BMJC GLNU 3ZFB
68429.06,LI34 6541 6CTT AY9L 4ZNE Y
76692.68,FR42 4153 2275 811T 8HAG JF1I 005
19354.48,AE74 5494 5211 7900 4468 489
39920.22,GI72 RBDM DVHA TI5H MQ6F GKB
62179.08,CR77 9231 7347 8513 1352 7
93477.26,SI43 8893 0624 9163 601
89904.45,DE09 3489 0511 7202 4996 31
89044.74,AD88 6039 2713 WCTB TQHX VIGG
348.57,FR40 0388 6182 42RR MKHV 6QZB U95
97542.39,NL48 RHJA 6811 8154 73
73205.45,FR11 2879 9073 91SW UQMY 7UWK Q22
33410.88,CZ23 4654 7035 9869 5334 4399
47219.76,SE37 9900 8134 8305 2081 5719
99376.84,FO43 9289 8954 8453 61
52490.55,IE18 ASUJ 4641 3119 2554 61
20974.93,GE17 DV52 4008 6171 4647 27
86979.7,FR15 7794 1684 94KG G8ZW SHLD 976
33391.58,SE53 7842 5895 4074 8726 7284
98876.7,FR85 4145 2995 89OI XTFH BEPB N67
7069.21,DE16 6263 4310 4762 3567 60
44785.44,LU51 512Z OWAU VDQU 6PJP
15157.5,FR89 5934 1280 96LE BRET AK1N V71
30097.56,MU69 EIHE 5496 2379 9993 0001 779N MG
13961.3,SI73 5929 4638 4783 297
94606.01,GB27 ZQXR 9129 6240 8408 76
26035.87,HU71 5589 0200 1479 5900 7327 4067
78116.57,IE79 FNSR 2366 7239 5774 85
60199.81,NO35 4041 3100 777
41254.22,GT10 ROB5 P0PK ANHQ AVFG EHXP YJ2U
44475.54,AZ97 KHRL OK6T ZWSP LFBD VCKS V0TH
87552.26,VG90 OFYG 9734 1098 2889 9355
58557.2,LU19 974X YJ7L K31K XLPT
65711.38,KZ22 090V YLWH 9MRI HE95
20019.55,BA02 5530 2849 9240 5333
50178.76,AZ88 FUZG FVM7 VNMP 2EJP 9ESM 18YA
48515.1,DK95 7530 1561 4239 28
70975.99,FR79 1940 6718 13UB BFOC 6M1Z I01
67944.72,BE96 0201 5968 1322
92644.32,BH15 GTNK GKXI TOTS OT5N AN
27323.92,KW57 DEFR KOXT T6XS RP69 MKED GHRR QG
16219.09,FR13 3626 2482 14O7 E62J L3FF 937
37328.43,LB42 9386 OHOO 4LFD TUSA GBCJ AJ2R
18113.33,DO53 EEMJ 6975 8295 7176 6969 3012
13453.86,LT04 3315 7873 0302 5537
82.48,KW34 TCQI VEVE HGBK A6ON PPWY 8640 QA
35307.08,GE96 RM15 9775 8767 4902 03
63578.25,FR93 4444 3416 64BR P3VY 6Z9L S83
9713.58,BR14 4293 2967 5750 9984 0406 128A U
85996.85,FO25 1893 6225 7347 89
60512.36,GT91 D2YD 3RTL BN7V K3PM SJ28 8T16
93407.45,GT26 AAVN DDJR WXOZ 1TAU SRTL ZCMB
30456.84,FR55 8036 2815 642J YOIM L0JZ 763
59693.16,GR17 6417 2303 OBSS K3ZJ SSP3 M9G
63418.5,LT60 8863 0946 6705 0893
90098.01,FR38 9870 5999 803V ADLJ U9R3 C90
54367.35,FR88 6340 2585 67CY VE5B AKCG 965
7952.7,FR95 8060 2666 631G PMUH Q1OT F62
18546.07,AL86 8721 6819 BKBX 2JCK L3P6 AXDZ
47790.48,FO22 8316 0415 5139 36
92537.0,HU81 1767 5703 4232 1872 2306 6540
98290.63,FR47 6049 3494 78MW 5F56 UCGI K77
66290.19,SE20 0982 1008 3586 9560 1858
2127.37,GI29 NDOP DC5M YHX7 F1DI VMX
49700.45,KW14 ERTG XKV4 LIBP BCRE SJKO E4EL 5K
33040.14,IE19 HXWS 5874 4577 7799 47
2973.22,IT92 U699 7921 846T XIW8 W0ZA SLG
24150.62,GR55 4056 624L LVOG IW4I CBIZ L8H
20814.97,MT14 IFEG 2794 91YU T3Q0 MKVB 9YYG RKA
42269.3,FR57 9076 0323 83EB 42LU J9GM S06
95514.23,TR89 2518 9E8W AP2V 5AKC YF2X H8
26531.52,MR60 6051 9762 4423 1246 1687 586
53744.37,FR91 5471 5584 70ED RLA8 TAU2 H92
91765.44,BH92 EVLJ 2HZQ VJBM UMGM ZB
26517.83,MD66 AJDO A86B 5YHW XOO6 5JSR
10035.76,FR59 6591 9568 18P6 PFSE JDKH 392
96652.65,TR61 1936 1LZJ URWM WDGL QQWX DG
15083.92,KZ78 443D 3J7J 07T7 CWZ2
36546.62,IT85 F740 4681 795P H8B3 RNB5 BJP
26856.75,BG73 UHFQ 6628 92PP HJBK FV
57860.35,TR07 9830 7J6U TXRD MXS2 VWEP JL
65853.49,MD85 5U79 0SNQ SFBN FPSH 46QQ
21150.3,FR68 3166 1795 86BR VUEO 1CZJ T61
43229.78,MD86 3JCI VV47 GC1T Y1QS ZO07
72185.9,GI73 UZUK ZKBW DS7R ZZDS 43F
73098.72,EE43 8197 9235 1649 0201
66302.67,GI98 RLZJ ZSIT B0Q6 2K3O IBZ
88941.66,FR38 2507 4106 26OT MZXL KQ1S 775
25424.83,FI31 5813 2464 3813 11
14966.01,PT55 8543 0438 8528 4228 7745 7
12256.05,GE21 BG63 9268 2592 4648 99
92340.97,TR49 1303 4LUQ MWUI 7FB8 Q1YM NG
78473.34,FR06 3647 4528 006Q 3ILM 7ZWD F88
18417.23,HR44 1084 4202 7892 7184 1
82948.38,LB15 8267 MPRU PXNA 1IAS E1RE PNQX
65804.0,DO19 DOEN 9191 8602 2825 1088 5559
48105.05,FR65 8147 0398 99H5 SCEQ XSF9 G28
70435.03,FO94 6643 6544 0902 16
930.21,CR12 4822 3180 4148 2152 6
2586.44,MC15 9864 3346 79I4 SEFU JRS7 T34
78186.37,CR74 9019 3185 5299 8930 8
36294.46,FI94 0805 8557 7431 34
8956.14,FR62 5489 9330 53DZ KEGQ RRUA 162
94346.92,MR94 7531 4001 2476 3180 1147 975
77490.89,CH03 3662 1GX9 CYYZ 6TDB 5
44815.49,DK59 5897 1361 2859 23
72567.55,FR30 6810 5141 84CV GG2B SRC1 F71
53690.86,MR50 2338 8964 4432 2115 2535 605
1437.99,HR07 5245 3454 5337 1647 5
58721.05,AL03 4335 5000 U481 8NLA XWQO 4LSB
89052.1,AZ46 ZRAM BKJP WKAQ ZZDD 8IHX BN9N
95042.01,MR43 6655 1699 2216 1796 8576 885
32988.84,LT69 5137 1824 0173 3205
39750.47,FR34 9285 4195 69EC H9UQ NXMD R24
3440.75,FO90 2186 4359 7047 51
19409.38,LB94 7783 TDKR NFZM 3WKQ PMST YJXB
40454.03,LV73 AZMI NPQX MXQB PHGX Q
72554.06,HU59 6786 0890 5084 1932 0528 3624
60076.08,MD18 KT96 1GT8 BLJK WU63 NKLX
18433.94,LT86 0398 0469 0610 7238
70486.56,GI64 AMRU 8HFW BVPM 3N7Z LO2
14969.67,MC08 3322 5681 87HW VVTC ABAC B17
61201.96,SM98 I057 9935 654G PAPC ZJYW ZLZ
51922.18,KZ30 546F I0U8 H4TM NGL9
4403.45,FR92 6402 7497 6281 LHHC NTOM P49
16912.99,KZ27 6200 OGNE UT67 QJUQ
57290.34,GL58 8419 4541 3980 03
76061.56,BH70 YBER 5VDU HRE4 IIDT FW
64129.74,IS16 9312 8777 0511 4548 5670 44
5041.92,FR88 4751 7565 01AY DJV2 VKBX X63
62154.1,BR56 4317 8445 3387 8540 8534 645Y M
47970.82,KW78 WERD PDYK 5LFY UOZ4 PMJO 9PXM RT
3321.22,FR22 7789 8258 95S2 2QF7 TAKS K57
83458.5,AL39 2940 3589 QM58 B3MG MWEV 181L
94553.1,PL87 5032 7588 6225 2616 5631 9297
86244.85,BG77 HWXA 0893 455Z CR02 6U
24858.5,MC67 6625 1295 91ZO 0ITT 6PNU Y92
38741.34,FR86 2717 6097 53EI 7IYB 8D1D K17
43723.73,IT91 D837 9912 691F JRQ3 7NR0 LKF
80875.96,FR44 2558 8321 66VW 1YWF BJE4 392
48097.65,FR31 6034 6604 23OL 8J9E 5ZT3 Q60
89020.13,BH08 UUCS 35P4 YGGI ORJE 38
42466.69,LT75 7050 8208 7648 8858
55267.38,MT82 DINH 7805 0DOW E3C4 3QRX AX9L KKG
55050.52,PT36 5189 2131 2003 2657 2812 3
19243.33,FR08 8770 1010 35RA IO3S B0ZN B22
95398.06,FI09 7323 8784 5764 87
9665.46,GL26 2393 2713 2380 33
33877.29,IE28 YOPO 6616 1965 9012 63
26189.17,DE77 0098 0390 1108 2241 11
55583.76,CR05 8351 0685 0630 8828 5
93654.92,MR02 2800 0828 8357 4972 0078 942
40932.94,FR64 6053 2833 63LC ODT5 32DV C76
10327.43,PK73 QMCD R8ED IPDF HKUR W9XH
26389.93,KZ89 449Z E3ML EYM2 GJ5L
19956.69,ES25 3794 1571 5422 9760 8879
15339.55,MR06 7400 0834 6663 4256 9311 654
28052.48,RS73 5736 5955 2691 0865 84
20981.29,BA63 0765 4023 6493 0909
47804.33,GR24 6026 182I T4KQ ZEPC HIPN BH2
31591.17,GE76 OX62 4882 6066 1499 56
28072.01,MR82 2937 3486 4097 2774 8587 955
49671.62,NO91 7663 3378 561
34531.26,DO90 0JLI 0780 2491 9030 5783 3017
68482.82,FR49 1693 0735 56DJ ETQ1 1D6B J25
22226.95,SE68 6162 1078 3886 2748 4730
64797.07,PL20 2689 0438 3430 3089 2610 7247
3135.25,RO69 BWWQ BGF8 JUOK 2JZQ FV5K
92522.42,CH07 7455 5PGQ KLKQ GVZW 9
24010.68,SE16 9806 1760 2918 9069 5195
10861.89,SM43 E980 8499 301T JVYP YR1E TZZ
22425.6,FR24 6105 4559 578Y 41N1 AA8Y 289
63134.27,NL07 QREI 4980 6894 68
54297.84,FR40 1973 1425 01HU DL65 14XX D23
84472.96,AE20 6953 3028 3916 9113 545
19358.54,MR30 8522 0429 9199 6559 7637 013
89588.31,CR82 1099 3333 4808 0850 2
70048.37,IT12 P579 5301 273P 12TB UGVS 84E
19504.65,PT66 4667 2661 5069 6207 0168 8
90216.57,SK53 7242 6015 1199 4843 6252
25088.0,EE56 6685 5406 0892 7439
36020.3,GE95 RJ67 1235 5789 7558 51
99746.95,RO18 EUTN ZQP4 0AFS RFBD NHBP
19980.03,FR19 7776 5834 31SZ 388S W4N5 730
43467.71,KW15 VMOW LKLL BWUV HAU5 BNMA VGBD HX
6861.99,BA74 6978 0172 2462 2672
23891.93,DO57 ZHOU 5720 4603 0657 6816 9568
70668.95,FR96 8971 7919 04DU ESWW UFP1 T35
75038.66,FO09 7683 5482 2460 00
9597.24,KW45 HCGZ ZL57 1OFE EKAD CRWE 5DF7 M5
65129.95,FO64 5674 9544 5597 94
80125.95,MT34 JDLW 9655 90MA 0QGC IQLI 0ORM F88
60620.15,FR83 7997 2087 35AE SKXX 1GRN 375
4364.04,FR92 0816 8009 75CV RRLH S8UE 108
49519.52,IE18 YDCK 1867 6182 6951 01
49526.23,FR83 5041 5459 59VW D1GT MBMA D54
78100.17,DE51 7947 0091 6547 7780 09
69764.89,SI65 9171 5030 9804 428
8769.3,DE96 9758 9510 0895 9552 59
56183.57,AL83 5948 1544 5X2G JWRH FFCV WPFV
30841.48,MT03 OVUW 1024 9NIK MWTF AH26 DVYU VTL
48387.57,GB68 FYWS 7016 9487 8726 71
6488.75,LB19 5007 LPQW M7HR JP3S H3RQ OPSA
70583.23,AZ10 VCXN 3OMK PHRW OKO0 XM23 AOG6
19170.52,ES89 8922 9227 3612 1138 2813
24183.76,PT25 4728 1033 1699 1553 3387 7
22424.95,FR19 5299 6491 280H FOPF HSNP J83
95477.05,GI65 ELYW KAAK BNBZ XXHW BAJ
37326.64,FR52 7590 8569 9642 M3Z5 TC0V V69
47911.6,CH75 4022 686T YU0J LE0T A
50669.22,FO22 9876 5374 8792 01
62975.37,FR26 5792 4067 32KF 4N50 TQPW C04
77526.59,CY16 2455 1771 RMMB D90R 47TR AQQJ
95039.05,TN67 5657 3624 7971 4133 4558
61974.09,AE58 4982 1340 9484 7598 093
29050.3,IS26 5404 4930 8228 8444 7407 78
16181.79,TN92 7835 4845 6485 8998 6726
29199.51,LB08 0154 VJ9Q IUYJ FM5X JZXD VGUM
7357.74,FI17 8722 1666 4800 79
77843.32,SM68 V939 8609 873S XWJS M0T4 5TQ
72720.86,DK67 5943 4003 5260 83
98079.22,MC67 6948 2164 60JY 6G2X S594 O18
39520.69,AD69 2629 5058 NTCR HB67 BTL6
75865.33,KZ06 076U KXEB 1KQW IAEQ
20987.74,NL15 XNRW 9836 0820 33
55104.79,IS95 8199 2250 2955 3749 9048 61
42075.25,AZ97 MIFF TYPD YML7 IBSR HPSY CJFB
97695.3,IL80 2125 0018 2782 5652 881
41658.85,HR57 0160 7933 1969 5401 9
30019.08,GL78 0583 2093 6693 20
31258.01,FR11 1899 0604 73BJ WPCC PMFC I44
56511.21,FR14 2365 8115 28Q8 FQIA MDYY Z99
69726.37,NL13 QUVU 0415 5320 46
94685.79,VG89 KKNQ 7170 4911 7119 2204
71986.12,PL12 0337 8609 8431 7426 3635 2231
13199.38,FR06 3118 9055 66XY 5PZM NIY5 R12
48698.03,FR39 8604 1837 40XJ G094 XP1L T28
57422.36,FR68 9630 1413 73ZY NQIN WLTJ A91
325.81,AE98 2362 9641 7079 8383 646
86191.37,FR64 4163 7989 47E7 J3Q1 LRS6 C46
40960.71,DE60 0805 8648 6888 9584 42
33100.58,TN87 1560 7179 1064 5583 8310
14399.01,SK05 2587 7081 7059 4217 5618
36325.99,AE90 8799 1159 7236 9141 939
98785.08,BA59 9715 2372 7116 0250
24005.99,PL27 5307 4731 5264 0471 0334 0307
14410.84,LV05 HJFI HMQN XYVX VXSS B
2670.63,ES79 2472 4180 7867 5932 6900
39893.76,MU62 PCMD 2127 9757 4854 9605 381I BP
14363.47,GL97 1537 6923 7900 97
7210.75,CR16 9232 0300 7515 0559 5
40190.28,FR22 9292 6531 858P KA6G 6UU9 R86
78815.28,SE38 2129 7020 1569 3651 5264
72060.58,LV60 ELLM 5ZY5 TIXM NHER J
44992.97,HR31 3032 4277 9939 7335 5
18771.26,RS19 7145 2190 8566 5385 80
36250.78,LB28 5649 WTMS NFUS SQDL LF2B TMZ6
63178.6,CZ32 2687 8204 5093 1774 9300
66951.8,SI67 3844 1632 0480 940
99476.82,BE89 6595 1040 6290
69850.56,EE25 0648 6340 7498 6541
27932.56,FR23 3689 5037 83NY LL6E YAET Q82
7393.94,PS96 ELSZ H61V 77QF DALT NNTL F7QC H
11528.01,ES79 4365 3890 7917 4041 8474
26684.02,MC70 0396 0483 04IP KZ3K Y0X3 Q85
98698.97,GI33 LLCT VGBB 7VLC RT5J XIH
63232.83,MR80 9679 8791 2660 0117 6923 100
35410.13,ES43 7569 7843 2314 7498 8879
23677.74,FR55 7788 5960 98IB OAML VUI6 P07
21321.42,LV46 CRHT TDET 3TYE U4F2 B
39946.61,MK61 550V RG68 IZSE K53
82575.54,FR35 9108 8975 08MY JU0E F1AL L21
15283.22,PT78 0140 3365 4360 1898 8451 9
43392.01,CY16 9705 5066 RI8X PMIH R6VS ELPC
66184.98,FR10 3293 7519 87QK C5IB 8UQW N67
87985.67,DK67 7313 9897 6373 75
82822.09,PK90 XUTZ ZZ4X 6ONA 0E4T 6P3V
86453.25,FR13 8698 7229 84JK KIQQ EGTL Q79
57194.68,GR04 0630 195G SKYZ EHVU I3XL AMM
98275.28,GR62 6797 562C 8EKI AS4S 4USQ SUM
33845.01,FR90 7704 8477 51OH HEPN BPMJ V56
89413.88,RS13 6367 7943 1216 0564 83
60015.04,PT10 0168 4692 3294 5508 3588 4
35713.55,GB10 MEVF 2086 3011 1027 43
97782.45,GE86 NO68 2441 6582 8662 03
38594.8,FR83 0418 4314 63AF OJEF SV7E Z54
78294.4,GE51 MV74 5283 5869 4776 67
55069.59,PL20 6172 6466 5073 8397 3937 0781
47041.44,LB83 1622 PQNW IAPO RN81 KBQ6 HJKB
83315.32,FR06 1068 5632 550V KUKS BYOL T55
44610.76,CY89 4181 2188 DPZD ND38 UFVV 6EG7
60934.55,BH65 ROPD 5SVP 8TCT JHXZ UB
74376.29,GL68 3623 3793 6960 91
21527.01,RS21 0092 3340 6396 5324 13
90068.81,FR33 9306 8653 52SS ZU5S B9C7 N06
95711.22,PK74 DSWF BXAQ 5SUK VFUL LO7E
81553.49,CZ79 2675 6529 4932 1186 5939
26282.99,SI46 1383 9794 2649 839
23725.02,SA75 31MA TQD5 KE0N NWVQ KXQQ
82362.47,SE84 2061 6523 4387 0014 2489
35612.99,SI30 0711 2674 1212 703
75012.59,CH26 4225 6WFX 5NRF 8IBN O
66147.07,MC58 0268 0254 261G CZYR USFA 347
61106.98,LI77 2960 4CWD KREP J0MW 2
65899.77,TR49 8740 3RIX INZV 79MV QHBQ 2Y
23337.48,TN80 0021 8160 1850 7097 8164
24217.72,IS61 9402 3057 2198 5839 9433 93
27633.48,MD16 W2JK M0EG 9JFH FEDZ 0U85
68272.56,GB60 XVWQ 2426 1450 2325 24
98996.1,IS25 0701 3592 9770 4288 1041 92
52682.15,LT91 2992 8703 1165 7786
88528.92,MR18 2742 8992 6038 6444 7690 628
17513.57,FR09 2279 4440 23DS SZCG 0JMI P96
82944.02,FR93 1940 9559 80KP E6Q6 A380 L28
67974.83,BG50 KQVI 7868 82CF RH4M ZV
71020.11,AL02 9129 5276 WSWL NW59 KDFX O6SD
67659.04,GL74 2201 8359 6192 93
13503.59,CY19 3445 5364 TVPZ F0B5 NVRC OZPI
75420.6,FR77 6692 9075 80OY UBZW SBKY A26
88807.61,IL73 1053 0330 4441 5489 601
22960.87,FR48 6055 0942 1824 FCHV AE6J G57
25900.09,SE60 1838 1632 6177 6574 8379
87517.18,FR69 8707 1734 95RC ZPGK VJV9 737
35595.06,KZ64 268L 4XKX AZZU IXQ5
68468.61,LU18 897E XF6P HB06 BHKB
32405.02,NO27 6222 2147 234
88277.08,BA98 7317 5132 1136 3931
23291.13,KZ49 311B BH0J WKKY 6D04
49549.98,LI97 2218 8USK EBIE SNB0 T
77123.51,AL67 6042 2950 M1HO XENG ED4E 1AXU
8139.77,KW72 OKIM GBZY K6CD JLOY URLV B7DU LA
59405.84,GB44 QEPN 3583 1125 6368 15
63652.98,NO88 9093 6328 539
846.99,FR96 6507 1399 19NZ ZG1K DMFT F12
4829.16,LV45 BMVR GJPV 80LA NJXD Q
94076.13,LI58 9607 321A CC9G JFTT Y
58557.07,CR23 5733 9001 0969 4803 8
31059.42,PS28 SHQX SGMI GTCS DAKQ JRQJ CJRW Y
65890.32,RS19 9296 0530 2798 1453 22
64777.16,BH16 LZXD OWJN CQJL AKEI CM
88383.34,FR63 0092 5570 23A4 AV21 KXLC F94
84818.97,FI93 4794 8850 1863 12
45016.23,CZ93 5496 1880 7090 8499 3913
42439.95,DK15 1697 9514 8507 95
62199.0,AL07 2818 7044 NVHW 6LEW BYZ9 6ODV
98546.85,MR24 6793 6603 7963 1035 6069 173
42957.5,NL62 EHXX 0564 5333 71
33380.96,FR47 9254 8552 89YB THF4 IBE4 A62
84961.64,MC34 8880 7317 28SN SCEI YYJE C58
80564.3,FR56 9211 5342 35NQ ARH7 C6FH Q88
91477.73,BR14 5069 0153 1840 6033 0384 073J C
27371.05,LV30 UOWB WXS9 UZRE HMQO M
70293.17,AZ93 OVOW GCLQ BZPK SOXV NKGT ORFB
1646.0,SE93 4218 3820 3953 0360 9884
81940.05,BR37 9243 5309 0563 1389 6271 566F I
10055.25,DK80 3483 6101 7606 57
4890.54,DE11 9589 2219 8656 6762 79
37292.46,GL19 9827 8176 0920 82
2359.81,AE08 6938 8346 6873 3478 935
66160.74,CY65 6938 3175 WYSF 3TRD TXT3 ONGM
51559.45,NL21 VPAO 2630 7865 12
28728.76,KZ73 794J JKGI LVD4 BIJ2
73075.83,CY91 1252 3499 GEE4 HTGE NXXI PRES
32984.8,TN71 6459 6883 5282 0884 1032
69708.55,ME09 9384 4569 9870 8282 12
39712.37,CY69 0495 0641 C4RL ZKKI QRKH BEZJ
42395.54,VG71 FLIZ 0048 7645 8172 6580
67760.8,LU03 781G QH21 QUVA HH6B
87094.12,RS93 2165 5128 9796 8621 51
76481.52,PT55 6791 2259 5732 2528 6291 8
84561.75,LU96 700S 7MR7 BUFD OF2D
26466.09,FR51 0387 3307 65TL 7W5M MVLD 755
74956.44,SK05 0594 2287 5109 7867 5201
51573.98,BA38 9086 2664 3678 1635
34793.04,GB97 PNXX 4572 6759 7913 61
98004.02,TR25 7097 9LG2 KGCW TGY6 01AH FU
19922.05,GI59 MAHQ HZZ8 GIF5 IRFH UAX
21204.3,PT30 8947 6609 7310 3569 2444 3
75207.22,TN02 3659 2120 8490 7842 4351
43051.27,FR83 0101 7443 69KS CHDN CYUM Y19
74317.4,MK04 820H 9UG5 80PN 411
40340.29,BE78 1039 8134 6036
83439.75,FR55 4889 0744 752P JCFL VHBI J46
29019.46,LB23 0113 PJ5W SXM1 KBPY 9U76 OB1T
46648.51,PT92 6411 8457 2080 3300 3026 2
94645.87,BA43 6602 1577 4809 3890
70170.41,TR12 1205 9WXO 30YA GZWQ YTF8 SA
6585.3,SM33 V629 1579 933D IWF2 QWTQ F5P
39942.5,SE46 0788 1055 5713 5700 3695
95032.95,EE18 6197 1128 5546 9974
99330.99,FR22 9635 7530 71QD DQFR JMVE 366
20577.75,FR19 7145 6815 83TL ZOLA V6AR G54
90941.45,SM39 G650 5972 558I F0HI QWXO X72
27327.34,FR12 2445 8110 32SF GFNK ARTR H39
79726.4,TN32 4344 8997 5042 0260 5563
27621.23,FR31 4965 0949 81GP C0C6 TBK6 P03
8587.05,LB73 7460 FKLN C1FX LK1L YQ0B UCTV
45515.11,GT93 M2GX FCQ3 OD9W B4MO IWCZ HJXY
73404.36,NL09 UPRM 2150 5405 90
95829.39,PK24 GKKT 7HNS 5DI4 WY8F 0QLZ
34296.3,IT27 A990 0742 380Y YAFI EHDR HPL
70467.32,ME82 0270 5184 1582 4264 93
86290.08,AZ98 NDUE 5AML EIZX 3H7R OTLE B7MP
30391.75,DE35 8426 6788 5869 4204 62
1678.5,FR06 8295 0926 57L2 YOCQ T8EF F95
15401.0,SM71 U478 7884 920U A284 NVBD 9ES
63560.68,HR44 6599 3633 7391 3153 3
32800.75,FR27 7837 2962 28QJ YDVR ZJLK K12
3812.0,RS20 0022 0587 2034 7719 34
95563.51,FR25 0873 2577 0296 O6UC 29XY U16
55720.1,AT48 6342 8236 5892 7003
14596.35,IS34 2981 1837 9887 3537 5348 94
75390.83,MC42 3839 5649 712F S48O NZSU T30
87933.15,RS56 4330 9492 0678 9382 41
53819.68,SA78 38EH ER8P TEKZ C0GQ RRWL
94801.55,RS77 8838 0248 6077 8640 17
59430.14,LT48 0539 1612 3269 2989
79374.38,FR95 1588 2905 14FK NYXV WTHN D28
80845.65,LV08 RKCJ WY0K MHCZ X65Q H
70553.59,FO81 0180 1215 1760 18
64275.2,CZ91 8309 3352 1997 1522 4386
20434.62,AZ70 LXVP HOOW GTQQ UOPQ QCH8 9UVP
98231.74,GE52 XV33 4492 2430 1766 71
70781.84,GT37 YEDW BTT0 SY3Y QEPQ JEZT LI7T
19969.0,SE39 8699 7829 4458 6855 5136
53042.69,LI14 7766 1TYB IKWC 5XEF X
64774.54,FR62 2991 1896 32EM E3NH WV9J O68
30764.6,FR21 8498 3804 53NZ UB9P VKR2 F21
87496.0,SE91 2485 7565 7049 3692 5924
19229.57,LV20 TFWI CEU8 I2JX 6CU1 S
99929.22,TN06 5096 2400 7200 2686 2027
44751.8,NL35 KFJQ 0914 3769 68
70796.1,IE46 LOMU 2683 5810 3963 39
658.91,PL49 5707 7239 8835 6597 2849 3143
80627.26,SE31 4517 4116 0631 4200 4313
9028.51,RS59 0522 8486 2293 1530 99
52488.18,AZ83 HFOI IUVN FN46 PWTR DSG8 EOXX
61386.76,FR74 4724 2122 73DU UUBJ O9WX 922
87832.72,FR51 4637 2228 52TM AT7M HQ9P C76
74798.51,LV19 WCRM QW0P RTY8 2AR2 L
57.33,SA76 74GM YF4Z AFFP LTXI F682
93891.99,CR58 1264 6642 2510 3093 3
16334.59,VG41 RWRZ 5196 4343 6190 1203
24336.47,MT20 GRDG 6377 7A0I E4BC HXOZ SAWI DSN
33012.66,FR63 5596 6959 39P2 WXRM JZK2 M61
30611.4,PS58 EQWB V9IK WRBE ZAKE ZDMZ 9WMZ C
96837.32,ES93 5189 6572 6073 9119 9922
67472.04,FR92 5913 9575 47CC 0QJI YFYN G25
79527.69,PS70 QDXE GVZ8 WQWB FWHJ PJKX 91RW E
54049.46,PS08 WKWA 6HLU 2OXE BZAK A0WG 9YKP L
16945.27,AE74 9778 1007 1736 1534 705
31744.76,MT43 TIGK 4331 6V5X WVIL ZGG1 NXRY PRF
51283.74,GB13 DNYT 8991 1632 5959 05
98881.33,BG75 WLXB 9571 49FZ VSEU U3
24060.04,TR07 2831 77VH MVZQ PZNV U6V2 LU
65953.27,BR93 0169 4380 2450 8195 2725 749F T
55363.37,GI75 SBVT AXRY ZATK M9PJ 791
81559.09,FR59 2699 0545 47MG VKKE CYIF 708
64406.28,PK20 HYCK 3XWO WFIM 4MRG NYOB
43802.69,DK55 4736 4545 8460 94
12961.98,LI18 5484 01FE 6GTW NC8Q L
23082.98,FR68 8668 8054 28LN MJEQ R0CG Y20
19889.37,GE53 AR68 9311 8255 1533 54
57035.26,CH02 9095 6PCV XGB8 4VW2 T
73608.59,CH67 1634 5QEB OYYA U2WJ P
41895.59,CZ89 4356 9758 7536 0608 9083
70783.99,RS33 6809 5704 1938 8708 81
69966.49,HU33 4013 7313 3488 9350 6433 7376
27530.19,DE50 2889 6147 2187 9279 93
90055.36,GT54 YRCS QZAS E2OU 9LJL 3P6N ZSLH
17638.33,CY17 4557 7091 OWAX MCZV LNEF ZYTV
66480.97,FO29 5091 3542 6790 71
32005.26,CY36 1042 9382 EWKF IJO6 XJLG 9XCZ
26139.89,AZ18 OOVU JCSL 76MD RG43 17NS IUVX
80800.55,PS78 FFJY UNYO YKIU OQDB TH61 IDNL C
17007.03,ME91 9874 6927 3968 4280 60
31258.46,PS05 DJAN KXDW OYT7 FB3N FDA0 0GUO 8
57007.47,NL38 QKBX 8096 2803 90
24365.02,LU59 253B EVDK XTNM UPM3
76304.64,AE02 2176 2363 2614 6941 218
7416.34,IS72 6861 4615 2185 6185 7746 49
50663.65,DE80 3834 1457 5677 9205 07
44358.63,FR67 4187 1500 42GO A9X9 JOEF S53
40006.74,MK35 777S IPIE 8AZN C57
96937.83,DK03 7607 7714 6100 21
9624.03,EE97 9392 8482 9029 3019
17731.11,LV86 ETPK YT91 XUCR BARL 9
15849.85,RO53 EXWE 1KX0 ID0M P3YG QI9B
705.54,FR98 8030 6247 67AD KFAV 05VP 684
6693.9,CH56 0384 72VG T1QI URBR C
94938.54,BA19 8803 2245 4539 9919
97164.82,CY63 2084 5138 DTAL 4QQU EJMC CRVX
74870.27,FR95 8917 4054 751K II2I BDNV D41
27383.64,FR52 7634 4301 52LF HQ6R OXUA 018
82900.62,BR46 9844 9130 7520 0910 4546 678E S
85448.41,MT54 CRUG 0261 5ZRK YBYL NXKN M1CC RTX
23968.61,FR44 0661 5232 73SH IQVX SNF8 H42
82475.53,AE04 1405 0843 5334 1412 948
20907.83,SM32 X997 3911 904R AJM9 XZ4O RZU
26391.55,CR09 3201 3802 6743 9868 7
99284.95,PL43 8915 0383 9093 4758 9134 9114
48439.28,AE15 5570 0110 3080 3259 978
38797.26,SK23 2163 8465 6703 5993 4043
38564.36,GR51 8633 783U NAHP EFZO AF7R JRK
3122.64,SK96 6398 3118 8388 1348 2457
12367.52,SM21 D840 5052 746J SHDZ MIC3 FPZ
89489.23,GL22 3452 7409 7052 48
82214.31,LT81 1863 0011 3504 4300
34935.02,NL39 TSMG 1684 1226 90
93129.94,SK14 7345 5989 0841 8385 0540
88012.28,GR70 2682 670L BIHL TSVZ NMWM ZJI
84359.22,HU62 9899 6215 9047 5848 0247 7823
93732.66,FR46 7481 3391 44UD EUAZ BDIK 806
96126.19,TR20 0692 4IYP OJD1 9JSJ JTBQ UP
22750.27,GL27 9968 9210 2941 79
49782.74,IS24 3933 6627 5195 7351 7291 57
13562.27,FR96 8508 8896 557S UK3O POBA R47
28686.86,LB73 9234 KX5U XQJA 3HPN ICF2 XFBV
22697.58,FR67 2430 3379 25VI WCEU NRNM H25
87461.57,PT95 1844 1177 4938 0391 7271 4
36796.07,PT65 1204 5359 6493 8924 8176 6
21807.43,SE91 5128 9824 3694 6626 5303
59139.6,CY27 6842 2571 WYE9 PRDI 4XUF IB9E
13197.9,FR31 4985 2176 322E ELAT DZES X74
65991.15,GL98 6746 8493 1237 51
94425.05,EE79 7773 4603 1859 8577
17396.88,FR03 5507 5362 72TE SJZV DF2X P92
93588.61,FR93 2696 7747 02AJ KBDF JDTI U74
84875.79,AD42 0070 6829 0OMH WIJV IZS8
22952.76,FR60 6578 3057 822H MVIM NKQ5 707
88421.12,FR31 9017 1750 43KI SLIG NEGJ T01
60524.56,ES98 8475 4795 2438 8926 1099
90683.44,MK29 304F J1PW CP0R V00
57650.07,SI64 7728 0101 3641 481
72366.47,IL74 8646 1774 2805 9280 135
13407.02,CH13 9943 0UQN I3JF 1FHK A
69813.9,MD55 CARY QVFG GH06 DVGS MAMD
90002.9,HU44 8289 5679 6345 8825 2253 4166
69478.09,SE47 2712 4375 5831 3908 8393
96836.77,FR17 9081 7366 281O G4JV 4SMJ C86
56837.0,MD24 FBAH VBFK G9JS IVRE EC3Q
13872.1,BA36 6786 0181 9455 2640
69698.06,GI72 PWMO 6NTR TJUK B3ER NFD
1275.9,FR89 0925 2526 35G5 Y8HM 7KIU T16
10614.67,DK13 9397 9450 6563 58
69993.41,MC61 1452 3133 19J2 4HI2 VQT1 C56
83459.09,BE88 9863 0116 9973
33001.91,LV57 XLMU KZN8 KZXR DW8L E
63072.34,DE82 0625 0918 3883 5990 14
74612.25,MD76 SYIT ZHH6 2HQG IRKG 364M
57968.46,RS77 1457 2819 3247 7241 33
41511.15,FR44 5535 9887 27GA YKBD PWWJ 137
37745.86,PT18 6735 5218 7127 5734 6249 3
18258.57,RO81 PGKQ WPPR 6BPD TABX RVPY
34149.1,MT98 YBCQ 2785 92TB 8GPV JF9U 7DFR U5P
45631.76,MR62 2196 5517 2093 9211 1263 896
18099.88,VG25 AGEQ 0526 6850 2716 6261
30817.02,LI07 8489 14XZ 4EMD NRZO O
64685.21,MC72 2184 8936 04QP GXVY I6BD F68
7417.43,GB45 EDZK 1251 9798 2285 32
82580.92,FR44 0253 8313 50KO R7LG HKM9 P59
81585.92,FR30 6913 0320 34O0 TNR2 MCMP H99
71904.02,AT71 7402 9809 0266 3589
50621.37,LT92 2002 9091 8581 1873
33747.76,LT28 4096 7278 6242 7059
98841.79,HR62 8370 8963 3562 1409 5
52610.83,NL37 HRGG 9643 8053 07
23769.63,LI75 5774 6LYR 14FF UZNM Z
47506.18,NO56 9562 2508 434
58386.63,BA86 7000 6122 2545 5211
19619.84,CZ29 7447 0087 0468 0743 5311
20356.35,AL66 7430 7583 SGHJ AXOZ KBTL AHFH
24447.88,NO76 4684 2294 765
84205.92,GB91 DWFU 6403 7213 4318 52
67531.01,FR61 3643 2781 67PJ M6EN F4LF P42
32144.31,BR22 4008 8913 2029 1526 0882 004X X
55274.23,FR30 4002 1314 16YA 40AS YH5O 089
79109.24,VG56 NPEB 5610 0907 0866 3007
27600.79,FR03 6835 0616 094Z LFJV CHPQ W79
1506.31,CY20 4551 8788 6DV6 JWQB LWJ2 A0H8
23474.9,BE12 7071 6628 9329
27451.92,PK27 DJIH SXJD JFVG 7IGV LH15
3959.56,RO24 UWWO ZVOE DLRW 2NJG ZQ7B
92933.19,FR41 9061 3822 131B NEHF LGBQ H35
39483.3,FR38 6529 7498 90Z8 06KG BSLL 052
28336.46,LU75 494W KWSE SXBY NCZE
98648.35,NO51 0389 7442 632
66621.78,ES85 9271 4741 7961 1206 7381
43424.24,DE94 9873 6570 9331 7491 85
353.13,GT07 6K1T GMEI DCTR AFUS WTFS QYCB
26663.65,AZ06 IULE QCCF SLAT UACL GXLF X5HT
96218.33,FR72 1867 0336 41SB ITJ8 HOMF L02
17430.61,FR45 0444 7123 68KG XHVH SCRT I69
64980.27,LI84 8512 0PXM DNGU 8ONS M
59173.61,PL64 1144 6448 3558 7315 5820 9127
2834.71,FR81 1015 9064 92H5 H44E ZBGF C28
2242.94,MC92 6811 8446 48LN N70P 4RIX 227
78583.24,LB91 1726 JZAC HDSF GTUZ YO8W I1Z9
66652.49,ES30 2143 9833 6866 5493 4386
19260.04,NO02 3139 5306 930
71179.17,AD02 3867 1598 D7QQ 3GBZ IXV1
89756.94,TR53 5298 1GSH V96G N6UH ZLUQ QA
50397.54,IL45 2046 7450 6082 6730 113
32694.44,FR41 0820 7889 37YI GLAY PAA1 582
83434.43,FI61 3874 8379 1434 17
49654.96,DE31 2848 9043 7394 7595 65
33328.67,CR04 7504 9251 9327 1148 7
27094.95,FR14 2403 6570 36UP DDEK 6I5F I61
83167.1,NL02 DPFP 6972 6328 01
65745.65,SK07 6895 3799 9460 5968 7305
81419.6,ME54 9771 8028 3454 9381 87
61849.14,ES64 8185 8131 2978 2061 6154
88371.91,CZ24 4915 3358 3938 2882 7847
97771.93,KW66 UCLT 8MVF GS54 SJYT RDHK GN28 UV
48271.62,FI82 6156 1841 6934 26
29587.77,LT45 7630 0926 2070 3813
1801.03,GR75 9299 599U T0BJ NNSP XND3 YQZ
75615.41,MK57 066O HIDN NFXP L29
22029.1,FR50 4685 6734 52RX YFPY A1YZ B47
14122.31,HR52 1768 4856 2784 7212 1
61299.86,IE69 KJPQ 2974 5459 2199 00
72325.42,HR88 6315 8707 1397 7166 0
6222.39,FR97 6703 3325 05GQ H77N AOQC M52
78360.73,FR71 7334 1941 14FX LKL1 YUZD X30
11059.24,ES59 5546 9807 4988 6308 3757
2196.74,LB90 7508 JRPA GZUD UOI8 JKQJ J55C
80644.89,SM38 O464 6998 083G A5PK VCQO Q2V
77877.52,FR38 8046 2119 14ZE YBV4 BMBQ 619
28873.18,ME41 5699 8091 8521 6262 44
94558.97,BR86 9479 2848 3338 3367 6877 417Y P
56393.36,ES33 7246 3834 2528 5868 5129
60852.59,NO78 3493 9512 805
1118.35,GB84 FJYS 2581 9699 1869 65
96676.53,DE14 4177 4158 7801 3414 36
42284.24,MT79 QSIY 1670 4SKA YTEL SJIB UDJ6 JKA
9687.75,PS38 XNBD CE0R R0VA Z4RN 1OEI ZBSS 4
29154.15,SK82 5180 4697 0713 1051 1077
51418.09,RS72 8218 2655 8223 7047 86
25223.21,SM56 L700 0170 439Y I0KQ HNWS RPY
65413.88,VG74 NILG 0143 0092 0852 3707
49887.04,DK97 9670 9025 0335 99
76198.85,CH87 6659 7SMV Z8NQ WD5O S
30533.15,SE65 2510 6880 6383 4418 0465
58867.58,PK46 UKWI SNVB UVVD BUOJ RR0K
35556.84,CY32 8770 8691 STTE TS3X BPI1 L9Z8
35392.29,PL58 4886 1834 1432 6104 3725 4532
38480.96,CH42 9083 8GRU 6S2F SOSA Y
2559.12,TN80 1381 4107 1505 7242 2687
92852.33,BE05 0466 8524 2432
98248.7,KW88 IFCQ IMDR LNHZ YMKD FFF3 6PVH KO
15820.65,FR51 7985 2173 62SR TD5B W1EE T79
27138.81,BA46 9449 8688 0485 6903
66846.4,DK06 3668 1214 0384 51
49370.55,GT13 ICG1 XWXB 2TVW B7CD ZIWV OHV6
78427.74,IL63 6328 3256 3028 9780 101
223.3,PK94 SKTW 4TXI DRRH GDKI SR2B
66467.7,PS05 ZQJB W5QG JRZZ S5YF DUA7 ZUYF A
6033.38,SE13 0283 4611 6506 9883 6761
23825.63,FR08 0929 8395 03IF VXGS HPTG B28
78150.49,CH22 8317 886E AMBQ YMXC 6
56859.62,FR43 4231 1956 15KO L0PE UQJU 338
30193.12,AD61 2356 4626 6HMN PABS 5DDB
79454.05,MR45 2382 7168 9918 0876 9088 284
74582.91,FR02 7963 6401 0288 P6XM CPMG I94
48866.99,SI96 6904 5455 6386 838
71361.42,FR57 0333 9292 84EO T8IJ MBVE 881
18740.03,BG53 ZLWX 4522 04Y7 KPNR I0
91261.12,KZ57 2575 R6O8 2WBT 2A5B
94603.69,FR18 5832 7919 44WQ YGXS GK9X A10
77457.93,AT29 1710 7240 7384 7530
96721.52,NO26 4661 3645 907
30987.75,MU85 AQTM 5173 3414 7281 9301 204D NN
20548.58,TR91 1992 8XA1 BFKQ G3SA UECD ZJ
66712.72,HR10 4663 0658 0269 9230 5
83025.96,SA33 17LT SMBD 6BEL 9DHL 1B7Z
78617.26,FR02 2324 4141 72FJ VWSZ Q7ZO E75
6423.28,PS84 YXHB HN7W JMYL K3G1 LNPA 5HOT 4
73497.62,BH49 JQME AR2R RD2J UXB2 XO
97529.75,FI87 2912 0783 9336 26
12800.69,AZ55 RXDO 0ZHK GQWP ZGU6 PVOK UYDP
82330.84,FR93 4939 9490 57NP YCTV CNHR D54
21297.36,MT63 APMX 9560 60J6 2MUV CZL8 997W PGC
42824.69,FR67 5409 1565 37RS X8MU DH13 M84
92825.89,GR14 5633 9406 W8XW 1ZM4 1SSQ QJD
89205.33,PS76 AKFI YXBX BD6Z MEE1 YACJ CWW3 E
40564.67,GL48 0187 7153 2997 65
10979.06,IE07 COPH 3731 1489 0051 91
91355.82,IT90 R791 3088 8810 KP4N QDQL AYK
3348.81,FR82 3983 7703 54ZQ JNBY I8FY 951
85557.38,LV47 AYLX CQHI QXVY QJGM B
21258.62,FR32 8956 1168 60KC PQUI DQMV I20
92738.78,FR86 0956 3844 72EJ 3YMY MEUP A63
60023.29,FR77 0983 2821 37UJ OCGM 4OYE H90
36196.22,KW21 ZXQF V2AK FREO SUIW N9QD 741G AT
15595.6,GL76 5108 3010 4017 26
6082.34,RS27 4215 2756 9652 5237 62
47825.68,IT52 Y512 3087 7473 EXHN OYGI HCE
89559.28,FR34 9168 7046 68IR BHHX RRJQ S60
36886.3,SK55 2887 9330 8633 0912 6100
4377.61,BH73 UAXD SFGQ CQ75 A8HZ ZV
53729.29,HU85 8201 2636 7875 2375 5047 1723
23731.08,AL42 4603 8252 Z1FA CKDU VFZJ CQ9Y
89260.61,FR26 1956 3785 32UY 9ZXU 5UNY J23
67648.07,TR67 7124 4X78 36PQ SWRO N0F3 7T
15298.89,PL40 3461 8714 5719 9095 8089 9857
90960.15,AT88 2522 8801 9345 9473
80529.08,RO41 YJJJ HXS0 EIGV BO6W W7XX
89985.43,PK94 XUIL RD7K SUAN FCO1 FDNK
54852.67,FR87 5914 2716 39YK LN7D DOQH T08
86283.14,PS67 GOOZ AVTY ZNMQ UPZO TDSF LGGJ L
82299.67,GR47 3196 761D OH9E UOBC RYLQ MXC
94834.69,FR59 7339 9192 82AK A4ET BVLZ E23
21144.2,GT78 G5TR U9H8 R5QL YBQS XCG9 FHVA
16166.59,SI20 8206 9661 8381 601
89437.28,KW55 IJHL A1W2 XN5I S5KP SVIE NSDC LX
82186.11,KZ40 489B RIGJ IMTD ZWYV
7096.54,FR56 6618 8095 44YU ONFB 4JFY J27
2121.49,BA62 7005 3640 2620 1866
64142.72,FR07 6899 4460 25FK XOLJ BXRT Z38
34911.15,SM93 C000 9102 7199 W1EJ DRHE PS8
79120.91,FR63 6597 9931 55KG GXVW SISF Z33
4966.64,SI32 6914 2862 3857 368
29316.21,IS36 2447 5840 5505 3687 7191 18
17710.8,HU40 0984 5903 7535 5262 7114 2615
78729.09,BG43 IWDW 2574 82ZQ AZQO KD
59110.02,GT16 8BD2 IEFI SBRA NUPG XRHH KWEG
37381.77,KZ12 707P FALL VGCQ DYLW
16684.15,FO63 3128 1569 0180 64
3051.23,BR90 3629 4862 5036 0418 1135 093Q X
54002.43,IL18 6294 3774 8951 9234 158
17558.01,AZ13 FPJR 0LS0 CYUS 1EG6 DRBQ IECN
49846.55,TR97 4630 4G8C HGLT SBYM LNBR HU
23334.18,FR97 9370 3538 87WT BAL6 SDUQ X14
94694.61,FO22 9902 2715 0142 52
77999.43,SE39 6743 8832 7195 5124 7298
22789.13,NO10 8751 4275 576
9113.47,GE34 XO83 0349 5970 0270 96
8711.21,NO58 7689 3321 113
98466.53,IL49 8217 5739 7735 5416 295
62576.95,LT92 8079 4866 0094 0134
4926.02,TN35 6015 4036 2397 2008 1113
76781.98,EE62 7304 4992 8682 1497
75335.42,KW88 GJBS ESEF 2TOX RV2B HUW2 F8T1 KF
81072.82,RO59 WRUX JULY PKMW MG46 5GUZ
28400.22,FR27 3419 8084 20ZV 5US6 63FX 548
18679.01,AE24 6655 0130 2822 0286 355
43434.2,FR57 7426 8368 45MR SMAX 7ZZ5 872
6090.25,FR96 4529 0086 16RO AA25 FAJH 341
30903.38,CR49 2991 2353 8315 8475 7
55921.27,IE25 SEYS 1770 2880 0400 58
21294.76,AE69 6041 8266 2718 7956 591
80125.28,AD27 7215 9305 VVG9 4VT1 DVSX
31626.66,FR78 6797 6318 818N R9AJ EBC2 O48
48248.6,KW06 SOUO O94B YIAP JHTJ YEQQ BBBM DZ
45526.85,FR63 5386 9994 63RP CXO8 4ENJ C94
65294.54,BH91 MWAV 4IRD N16H SZQZ WJ
53757.83,SI15 9774 6516 2914 218
85562.88,AD62 6542 6394 HNLG QCZ4 XSWT
81222.55,VG71 QRTF 2968 7577 0072 7600
88713.38,NO09 1073 4430 091
90096.52,FO34 3171 5270 5120 35
89538.38,AD71 8756 9472 K4GQ QTCV 5OJM
95869.28,FR32 6929 8056 48ND TWLN OLTE T60
62027.3,FR48 9573 9421 486U Y3K5 3UF0 J09
56868.9,AT03 0303 0757 4166 7753
38151.45,LT29 7377 9902 4308 8693
28781.73,AE34 1236 0201 2777 0700 711
72751.59,BH18 HXYQ ZPJM ERSJ QJOP YO
59931.26,FO87 1219 5051 9955 01
5913.4,LB09 7143 CGXY WJCS 7G8M PZCQ NJ8P
35995.44,BE02 3018 0363 5993
75910.71,DE22 6557 1614 6402 5901 08
70960.86,GR86 0679 279Z 470W KCXE 7IQB 0X7
25260.46,CZ50 4470 1117 5759 3065 6310
58134.39,IL16 0546 8663 1427 8418 781
93335.59,AD37 2835 9399 YSVX AIIR WRIT
91075.19,LT08 7868 4393 1596 4108
52155.18,DE12 6987 8016 0175 7850 00
95820.28,BA05 4632 1375 9365 2772
74131.6,LU06 194P SDYH XWWR GXXD
96547.47,CY97 1775 9111 6CRB CZUA BBHM 7GOH
35396.28,MR17 8834 4142 1177 0411 0991 126
72713.14,SA50 950I SWEW 0QK7 NSGS DS3J
7766.83,FR32 4112 8120 002E VYHU 3LOQ N90
7007.37,ES66 8598 9447 4149 1663 5124
52614.32,AT96 0538 2678 5043 5823
54411.06,FR49 3423 8244 22I1 JY81 CSLT K38
31406.74,IS09 5017 9312 6487 9522 6004 54
20828.2,BH21 LGPJ G4YK CMRB 205U MQ
19651.66,MC53 4580 3193 60S0 KZTU LQKD I39
75010.03,TR88 2344 6ZMG UQHQ JNST VNF0 74
951.89,LT66 1160 0658 2672 8769
88648.58,FR42 1922 8224 227G HHKH 1GI9 E52
19851.68,SM76 H565 3541 650J NXMC Y0CI IGI
49147.2,FR77 2625 0577 50RG 8VRZ YKXJ 433
72376.03,VG51 KIBD 3787 9812 0967 0546
68694.05,RS02 2674 0295 4343 2241 85
88873.27,MT79 SZVG 2697 2GBS AXMN WJ8Q 39AX VMJ
98600.44,GI21 SIUI PVDR MC5A 85TS TSN
69257.53,PL82 0960 1219 4671 7715 3342 8115
16254.44,BG37 SYNI 6638 65X7 OC60 NN
